epoch,acc,loss
0,0.5485499999999999,0.008367605826258659
1,0.5886000000000001,0.007862973675131798
